frame,timestamp,ground_truth_x,ground_truth_y,measurement_x,measurement_y,kalman_x,kalman_y,tracking_error,state,confidence,camera_x,camera_y,detection,measurement_accepted,local_search_active,processing_time_ms
0,0.0000,752.48,361.05,761.94,361.41,761.94,361.41,9.47,TRACKING,1.00,648.00,360.00,True,True,False,0.1492
1,0.0333,754.97,362.09,755.46,357.28,759.39,359.79,4.99,TRACKING,1.00,656.00,360.00,True,True,False,0.1631
2,0.0667,757.42,363.18,748.84,362.60,756.23,360.61,2.84,TRACKING,1.00,664.00,360.00,True,True,False,0.0623
3,0.1000,759.81,364.43,758.33,362.97,756.68,361.21,4.49,TRACKING,1.00,672.00,360.00,True,True,False,0.0480
4,0.1333,762.21,365.66,769.14,373.08,759.46,363.95,3.24,TRACKING,1.00,680.00,360.39,True,True,False,0.0484
5,0.1667,764.62,366.86,766.26,367.25,761.01,364.82,4.14,TRACKING,1.00,688.00,360.84,True,True,False,0.0441
6,0.2000,766.94,368.21,773.23,364.08,763.78,364.85,4.61,TRACKING,1.00,695.58,361.24,True,True,False,0.0432
7,0.2333,769.23,369.63,778.06,364.06,767.15,364.86,5.21,TRACKING,1.00,702.73,361.60,True,True,False,0.0409
8,0.2667,771.54,371.01,769.49,361.84,768.17,364.38,7.44,TRACKING,1.00,709.28,361.88,True,True,False,0.0418
9,0.3000,773.82,372.44,773.77,376.41,769.92,367.08,6.63,TRACKING,1.00,715.34,362.40,True,True,False,0.0407
10,0.3333,776.13,373.83,768.93,369.18,770.33,367.82,8.35,TRACKING,1.00,720.84,362.94,True,True,False,0.0419
11,0.3667,778.47,375.18,780.52,366.78,773.12,367.92,9.01,TRACKING,1.00,726.07,363.44,True,True,False,0.0430
12,0.4000,780.79,376.54,788.78,369.77,777.20,368.62,8.70,TRACKING,1.00,731.18,363.96,True,True,False,0.0424
13,0.4333,783.20,377.73,787.22,370.57,780.26,369.35,8.88,TRACKING,1.00,736.09,364.50,True,True,False,0.0409
14,0.4667,785.70,378.74,785.36,380.12,782.40,371.95,7.55,TRACKING,1.00,740.72,365.24,True,True,False,0.0409
15,0.5000,788.21,379.70,792.98,380.71,785.70,374.24,6.01,TRACKING,1.00,745.22,366.14,True,True,False,0.0403
16,0.5333,790.77,380.56,795.99,380.88,789.04,376.18,4.71,TRACKING,1.00,749.60,367.15,True,True,False,0.0402
17,0.5667,793.31,381.45,787.92,373.57,790.16,376.30,6.03,TRACKING,1.00,753.66,368.06,True,True,False,0.0402
18,0.6000,795.88,382.24,791.81,384.29,791.80,378.50,5.53,TRACKING,1.00,757.47,369.11,True,True,False,0.0402
19,0.6333,798.49,382.89,798.55,386.53,794.44,380.77,4.57,TRACKING,1.00,761.17,370.27,True,True,False,0.0739
20,0.6667,801.06,383.69,792.23,375.97,795.39,380.62,6.45,TRACKING,1.00,764.59,371.31,True,True,False,0.0510
21,0.7000,803.64,384.47,806.04,377.13,798.76,380.67,6.19,TRACKING,1.00,768.01,372.24,True,True,False,0.0420
22,0.7333,806.22,385.25,807.71,370.70,801.88,379.47,7.23,TRACKING,1.00,771.39,372.97,True,True,False,0.0418
23,0.7667,808.83,385.89,813.74,371.00,805.58,378.48,8.09,TRACKING,1.00,774.81,373.52,True,True,False,0.1258
24,0.8000,811.46,386.47,806.99,370.79,807.44,377.57,9.77,TRACKING,1.00,778.08,373.92,True,True,False,0.1199
25,0.8333,814.09,387.06,820.42,364.45,811.39,375.61,11.77,TRACKING,1.00,781.41,373.92,True,True,False,0.0494
26,0.8667,816.74,387.53,823.90,378.12,815.33,376.38,11.24,TRACKING,1.00,784.80,373.92,True,True,False,0.0481
27,0.9000,819.38,388.04,822.72,384.94,818.43,378.24,9.84,TRACKING,1.00,788.16,374.35,True,True,False,0.0454
28,0.9333,822.04,388.49,821.31,386.98,820.76,380.19,8.39,TRACKING,1.00,791.42,374.94,True,True,False,0.0414
29,0.9667,824.70,388.90,831.94,377.59,824.55,380.20,8.70,TRACKING,1.00,794.74,375.46,True,True,False,0.0409
30,1.0000,827.37,389.25,827.22,370.30,826.92,378.92,10.35,TRACKING,1.00,797.95,375.81,True,True,False,0.0405
31,1.0333,830.01,389.80,818.18,380.66,827.31,379.58,10.57,TRACKING,1.00,800.89,376.19,True,True,False,0.0398
32,1.0667,832.64,390.35,831.46,386.15,829.85,381.09,9.67,TRACKING,1.00,803.79,376.68,True,True,False,0.0396
33,1.1000,835.30,390.78,833.75,375.00,832.36,380.47,10.72,TRACKING,1.00,806.64,377.06,True,True,False,0.0411
34,1.1333,837.94,391.30,832.08,376.39,834.17,380.14,11.78,TRACKING,1.00,809.40,377.36,True,True,False,0.0400
35,1.1667,840.61,391.69,833.84,383.82,835.95,381.11,11.56,TRACKING,1.00,812.05,377.74,True,True,False,0.0399
36,1.2000,843.27,392.11,831.43,383.30,837.01,381.85,12.02,TRACKING,1.00,814.55,378.15,True,True,False,0.0400
37,1.2333,845.95,392.31,831.57,391.64,837.87,383.88,11.68,TRACKING,1.00,816.88,378.72,True,True,False,0.0399
38,1.2667,848.64,392.37,845.33,386.25,840.86,384.72,10.92,TRACKING,1.00,819.28,379.32,True,True,False,0.0407
39,1.3000,851.33,392.46,840.81,379.97,842.62,384.37,11.89,TRACKING,1.00,821.61,379.83,True,True,False,0.0395
40,1.3333,854.02,392.62,850.62,381.34,845.71,384.28,11.77,TRACKING,1.00,824.02,380.27,True,True,False,0.0405
41,1.3667,856.71,392.80,847.31,370.41,847.77,382.36,13.74,TRACKING,1.00,826.40,380.27,True,True,False,0.0463
42,1.4000,859.40,392.97,856.12,380.85,850.95,382.41,13.52,TRACKING,1.00,828.85,380.27,True,True,False,0.0400
43,1.4333,862.09,393.10,860.09,383.76,854.30,382.92,12.82,TRACKING,1.00,831.40,380.54,True,True,False,0.0398
44,1.4667,864.78,393.08,861.32,377.20,857.34,382.27,13.12,TRACKING,1.00,833.99,380.54,True,True,False,0.0397
45,1.5000,867.47,392.98,863.06,380.43,860.20,382.22,12.99,TRACKING,1.00,836.61,380.54,True,True,False,0.0402
46,1.5333,870.16,392.83,875.09,390.59,864.60,383.85,10.56,TRACKING,1.00,839.41,380.87,True,True,False,0.0406
47,1.5667,872.85,392.79,871.11,385.27,867.69,384.38,9.87,TRACKING,1.00,842.24,381.22,True,True,False,0.0407
48,1.6000,875.54,392.79,881.00,385.23,871.93,384.82,8.75,TRACKING,1.00,845.21,381.58,True,True,False,0.0395
49,1.6333,878.23,392.60,882.24,383.20,875.75,384.85,8.14,TRACKING,1.00,848.26,381.91,True,True,False,0.0397
50,1.6667,880.92,392.45,882.52,388.33,879.03,385.72,6.99,TRACKING,1.00,851.34,382.29,True,True,False,0.0399
51,1.7000,883.60,392.25,879.40,386.88,881.27,386.22,6.46,TRACKING,1.00,854.33,382.68,True,True,False,0.0398
52,1.7333,886.28,391.98,883.76,382.97,883.86,386.00,6.45,TRACKING,1.00,857.28,383.01,True,True,False,0.0406
53,1.7667,888.97,391.78,885.97,385.25,886.38,386.17,6.17,TRACKING,1.00,860.19,383.33,True,True,False,0.0488
54,1.8000,891.66,391.69,886.00,392.66,888.49,387.53,5.23,TRACKING,1.00,863.02,383.75,True,True,False,0.0415
55,1.8333,894.35,391.70,886.65,391.08,890.33,388.44,5.17,TRACKING,1.00,865.75,384.22,True,True,False,0.0416
56,1.8667,897.04,391.61,889.62,386.93,892.34,388.54,5.62,TRACKING,1.00,868.41,384.65,True,True,False,0.0398
57,1.9000,899.73,391.50,892.86,384.66,894.53,388.23,6.14,TRACKING,1.00,871.02,385.01,True,True,False,0.0442
58,1.9333,902.42,391.42,887.31,391.47,895.43,389.07,7.38,TRACKING,1.00,873.46,385.41,True,True,False,0.0414
59,1.9667,905.11,391.44,892.06,384.88,896.90,388.70,8.66,TRACKING,1.00,875.81,385.74,True,True,False,0.0403
60,2.0000,907.81,391.42,,,899.29,389.06,8.84,PREDICTING,0.98,878.16,386.07,False,False,False,0.0207
61,2.0333,910.50,391.37,,,901.67,389.41,9.04,PREDICTING,0.96,880.51,386.41,False,False,False,0.0167
62,2.0667,913.19,391.20,,,904.05,389.76,9.25,PREDICTING,0.94,882.86,386.74,False,False,False,0.0137
63,2.1000,915.86,390.91,,,906.44,390.12,9.46,PREDICTING,0.92,885.22,387.08,False,False,False,0.0125
64,2.1333,918.55,390.70,,,908.82,390.47,9.73,PREDICTING,0.90,887.58,387.42,False,False,False,0.0124
65,2.1667,921.24,390.64,,,911.20,390.83,10.04,PREDICTING,0.88,889.94,387.76,False,False,False,0.0128
66,2.2000,923.93,390.57,,,913.58,391.18,10.36,PREDICTING,0.86,892.31,388.10,False,False,False,0.0122
67,2.2333,926.62,390.61,,,915.97,391.53,10.69,PREDICTING,0.84,894.67,388.45,False,False,False,0.0120
68,2.2667,929.31,390.69,,,918.35,391.89,11.03,PREDICTING,0.82,897.04,388.79,False,False,False,0.0121
69,2.3000,932.01,390.70,,,920.73,392.24,11.38,PREDICTING,0.80,899.41,389.13,False,False,False,0.0120
70,2.3333,934.70,390.75,,,923.12,392.59,11.73,PREDICTING,0.78,901.78,389.48,False,False,False,0.0118
71,2.3667,937.38,390.96,,,925.50,392.95,12.05,PREDICTING,0.76,904.15,389.83,False,False,False,0.0120
72,2.4000,940.07,391.17,,,927.88,393.30,12.37,PREDICTING,0.74,906.53,390.17,False,False,False,0.0119
73,2.4333,942.73,391.55,922.94,393.40,926.70,393.53,16.16,REACQUIRING,0.89,908.54,390.51,True,True,False,0.0435
74,2.4667,945.42,391.64,931.65,395.91,929.90,394.59,15.81,TRACKING,1.00,910.68,390.92,True,True,False,0.0422
75,2.5000,948.11,391.83,943.86,383.29,935.48,391.67,12.63,TRACKING,1.00,913.16,390.92,True,True,False,0.0411
76,2.5333,950.80,392.02,937.07,397.33,937.69,393.24,13.16,TRACKING,1.00,915.61,390.92,True,True,False,0.0405
77,2.5667,953.48,392.18,938.90,388.87,939.83,392.52,13.66,TRACKING,1.00,918.03,390.92,True,True,False,0.0404
78,2.6000,956.17,392.36,941.21,381.03,942.02,390.43,14.28,TRACKING,1.00,920.43,390.92,True,True,False,0.0398
79,2.6333,958.86,392.31,953.64,389.39,946.15,390.37,12.86,TRACKING,1.00,923.00,390.92,True,True,False,0.0397
80,2.6667,961.56,392.25,956.57,385.65,950.05,389.65,11.79,TRACKING,1.00,925.71,390.92,True,True,False,0.0397
81,2.7000,964.25,392.22,955.00,387.04,952.99,389.29,11.63,TRACKING,1.00,928.44,390.92,True,True,False,0.0401
82,2.7333,966.94,392.35,947.23,382.31,954.09,388.18,13.50,TRACKING,1.00,931.00,390.64,True,True,False,0.0400
83,2.7667,969.63,392.43,959.73,380.34,957.10,386.89,13.70,TRACKING,1.00,933.61,390.27,True,True,False,0.0398
84,2.8000,972.32,392.41,961.75,394.30,959.95,388.13,13.09,TRACKING,1.00,936.25,390.27,True,True,False,0.0408
85,2.8333,975.01,392.35,971.35,390.09,963.94,388.50,11.72,TRACKING,1.00,939.02,390.27,True,True,False,0.0403
86,2.8667,977.71,392.38,977.04,390.39,968.26,388.87,10.08,TRACKING,1.00,941.94,390.27,True,True,False,0.0401
87,2.9000,980.40,392.45,982.46,380.58,972.82,387.56,9.02,TRACKING,1.00,945.03,390.00,True,True,False,0.0405
88,2.9333,983.09,392.46,977.93,390.05,975.95,387.99,8.43,TRACKING,1.00,948.12,390.00,True,True,False,0.0398
89,2.9667,985.78,392.53,992.46,393.84,980.97,388.98,5.98,TRACKING,1.00,951.41,390.00,True,True,False,0.0399
90,3.0000,988.47,392.61,989.05,389.70,984.69,389.16,5.11,TRACKING,1.00,954.73,390.00,True,True,False,0.0396
91,3.0333,991.16,392.79,985.87,397.95,987.31,390.68,4.39,TRACKING,1.00,957.99,390.00,True,True,False,0.0399
92,3.0667,993.85,392.89,998.37,385.30,991.55,389.92,3.76,TRACKING,1.00,961.35,390.00,True,True,False,0.0397
93,3.1000,996.54,392.96,994.33,378.27,994.47,388.09,5.30,TRACKING,1.00,964.66,390.00,True,True,False,0.0396
94,3.1333,999.23,392.99,1007.29,380.87,999.05,386.91,6.08,TRACKING,1.00,968.10,389.69,True,True,False,0.0396
95,3.1667,1001.92,392.86,998.93,378.43,1001.56,385.48,7.39,TRACKING,1.00,971.45,389.27,True,True,False,0.0405
96,3.2000,1004.61,392.77,1009.94,384.33,1005.45,385.21,7.60,TRACKING,1.00,974.85,388.86,True,True,False,0.0402
97,3.2333,1007.31,392.70,1012.32,387.47,1009.12,385.49,7.44,TRACKING,1.00,978.27,388.53,True,True,False,0.0397
98,3.2667,1010.00,392.63,1011.14,390.58,1012.02,386.25,6.69,TRACKING,1.00,981.65,388.53,True,True,False,0.0398
99,3.3000,1012.69,392.53,1007.58,394.19,1013.85,387.51,5.15,TRACKING,1.00,984.87,388.53,True,True,False,0.0396
100,3.3333,1015.37,392.29,1005.59,385.68,1015.00,387.22,5.08,TRACKING,1.00,987.88,388.53,True,True,False,0.0398
101,3.3667,1018.05,392.00,1014.16,383.99,1017.30,386.68,5.37,TRACKING,1.00,990.82,388.53,True,True,False,0.0400
102,3.4000,1020.72,391.67,1015.20,375.11,1019.37,384.75,7.05,TRACKING,1.00,993.68,388.15,True,True,False,0.0400
103,3.4333,1023.38,391.26,1010.35,377.02,1020.27,383.37,8.48,TRACKING,1.00,996.34,387.67,True,True,False,0.0400
104,3.4667,1026.04,390.83,1017.71,382.72,1022.15,383.12,8.63,TRACKING,1.00,998.92,387.22,True,True,False,0.0398
105,3.5000,1028.70,390.44,1019.15,378.08,1023.93,382.13,9.58,TRACKING,1.00,1001.42,386.71,True,True,False,0.0410
106,3.5333,1031.39,390.25,1020.26,380.03,1025.56,381.60,10.43,TRACKING,1.00,1003.83,386.20,True,True,False,0.0405
107,3.5667,1034.08,390.09,1023.28,391.40,1027.38,383.02,9.73,TRACKING,1.00,1006.19,385.88,True,True,False,0.0401
108,3.6000,1036.77,389.95,1033.79,392.43,1030.60,384.44,8.27,TRACKING,1.00,1008.63,385.88,True,True,False,0.0402
109,3.6333,1039.45,389.80,1033.28,384.63,1033.23,384.40,8.24,TRACKING,1.00,1011.09,385.88,True,True,False,0.0408
110,3.6667,1042.12,389.45,1034.24,394.19,1035.59,385.95,7.42,TRACKING,1.00,1013.54,385.88,True,True,False,0.0400
111,3.7000,1044.79,389.09,1038.79,378.76,1038.29,384.76,7.81,TRACKING,1.00,1016.01,385.88,True,True,False,0.0407
112,3.7333,1047.46,388.74,1034.50,392.36,1039.85,385.96,8.10,TRACKING,1.00,1018.40,385.88,True,True,False,0.0392
113,3.7667,1050.15,388.66,1052.16,390.56,1044.02,386.71,6.43,TRACKING,1.00,1020.96,385.88,True,True,False,0.0391
114,3.8000,1052.84,388.55,1043.86,386.97,1046.20,386.78,6.88,TRACKING,1.00,1023.48,385.88,True,True,False,0.0397
115,3.8333,1055.54,388.48,1058.04,392.91,1050.33,387.82,5.24,TRACKING,1.00,1026.17,385.88,True,True,False,0.0393
116,3.8667,1058.23,388.40,1062.01,394.96,1054.50,389.06,3.79,TRACKING,1.00,1029.00,386.20,True,True,False,0.0392
117,3.9000,1060.91,388.20,1062.03,386.10,1058.04,388.69,2.91,TRACKING,1.00,1031.91,386.20,True,True,False,0.0399
118,3.9333,1063.60,388.12,1065.08,383.05,1061.53,387.85,2.09,TRACKING,1.00,1034.87,386.20,True,True,False,0.0397
119,3.9667,1066.30,388.12,1068.79,380.23,1065.09,386.65,1.90,TRACKING,1.00,1037.89,386.20,True,True,False,0.0395
120,4.0000,1068.99,388.21,,,1067.95,386.66,1.86,PREDICTING,0.98,1040.90,386.24,False,False,False,0.0166
121,4.0333,1071.68,388.20,,,1070.80,386.67,1.76,PREDICTING,0.96,1043.89,386.29,False,False,False,0.0139
122,4.0667,1074.37,388.34,,,1073.66,386.68,1.80,PREDICTING,0.94,1046.86,386.33,False,False,False,0.0132
123,4.1000,1077.06,388.32,,,1076.52,386.69,1.72,PREDICTING,0.92,1049.83,386.36,False,False,False,0.0124
124,4.1333,1079.75,388.38,,,1079.38,386.70,1.72,PREDICTING,0.90,1052.79,386.40,False,False,False,0.0123
125,4.1667,1082.43,388.66,,,1082.24,386.71,1.96,PREDICTING,0.88,1055.73,386.43,False,False,False,0.0122
126,4.2000,1085.12,388.84,,,1085.10,386.72,2.13,PREDICTING,0.86,1058.67,386.46,False,False,False,0.0122
127,4.2333,1087.81,388.96,,,1087.96,386.73,2.24,PREDICTING,0.84,1061.60,386.48,False,False,False,0.0127
128,4.2667,1090.50,389.10,,,1090.82,386.73,2.38,PREDICTING,0.82,1064.52,386.51,False,False,False,0.0118
129,4.3000,1093.19,389.17,,,1093.68,386.74,2.48,PREDICTING,0.80,1067.43,386.53,False,False,False,0.0117
130,4.3333,1095.88,389.08,,,1096.53,386.75,2.42,PREDICTING,0.78,1070.34,386.55,False,False,False,0.0120
131,4.3667,1098.57,389.00,,,1099.39,386.76,2.38,PREDICTING,0.76,1073.25,386.57,False,False,False,0.0118
132,4.4000,1101.26,388.80,,,1102.25,386.77,2.26,PREDICTING,0.74,1076.15,386.59,False,False,False,0.0118
133,4.4333,1103.94,388.66,,,1105.11,386.78,2.21,PREDICTING,0.72,1079.05,386.61,False,False,False,0.0121
134,4.4667,1106.63,388.41,,,1107.97,386.79,2.11,SEARCHING,0.70,1081.94,386.63,False,False,True,0.0152
135,4.5000,1109.32,388.33,,,1110.83,386.80,2.16,SEARCHING,0.68,1084.83,386.65,False,False,True,0.0142
136,4.5333,1112.00,388.17,,,1113.69,386.80,2.17,SEARCHING,0.66,1087.71,386.66,False,False,True,0.0129
137,4.5667,1114.69,387.97,,,1116.55,386.81,2.19,SEARCHING,0.64,1095.10,386.68,False,False,True,0.0132
138,4.6000,1117.38,387.86,,,1119.41,386.82,2.28,SEARCHING,0.62,1102.03,386.69,False,False,True,0.0125
139,4.6333,1120.06,387.62,,,1122.26,386.83,2.34,SEARCHING,0.60,1108.55,386.71,False,False,True,0.0126
140,4.6667,1122.75,387.40,,,1125.12,386.84,2.44,SEARCHING,0.58,1114.71,386.72,False,False,True,0.0124
141,4.7000,1125.44,387.32,,,1127.98,386.85,2.59,SEARCHING,0.56,1119.22,389.91,False,False,True,0.0130
142,4.7333,1128.12,387.07,,,1130.84,386.86,2.73,SEARCHING,0.54,1123.56,392.79,False,False,True,0.0121
143,4.7667,1130.80,386.84,,,1133.70,386.87,2.90,SEARCHING,0.52,1127.76,395.38,False,False,True,0.0119
144,4.8000,1133.49,386.64,,,1136.56,386.87,3.08,SEARCHING,0.50,1131.82,397.71,False,False,True,0.0121
145,4.8333,1136.18,386.52,,,1139.42,386.88,3.26,SEARCHING,0.48,1132.58,401.13,False,False,True,0.0127
146,4.8667,1138.86,386.27,,,1142.28,386.89,3.48,SEARCHING,0.46,1133.55,404.20,False,False,True,0.0120
147,4.9000,1141.52,385.88,,,1145.14,386.90,3.76,SEARCHING,0.44,1134.71,406.97,False,False,True,0.0121
148,4.9333,1144.19,385.54,,,1147.99,386.91,4.04,SEARCHING,0.42,1136.04,409.47,False,False,True,0.0121
149,4.9667,1146.87,385.24,,,1150.85,386.92,4.33,SEARCHING,0.40,1134.34,410.39,False,False,True,0.0128
150,5.0000,1149.55,384.96,,,1153.71,386.93,4.61,SEARCHING,0.38,1133.09,411.23,False,False,True,0.0120
151,5.0333,1152.23,384.72,,,1156.57,386.94,4.88,SEARCHING,0.36,1132.26,411.98,False,False,True,0.0120
152,5.0667,1154.90,384.41,,,1159.43,386.95,5.19,SEARCHING,0.34,1131.79,412.66,False,False,True,0.0118
153,5.1000,1157.58,384.12,,,1162.29,386.95,5.50,SEARCHING,0.32,1130.34,410.09,False,False,True,0.0120
154,5.1333,1160.26,383.86,,,1165.15,386.96,5.79,SEARCHING,0.30,1129.32,407.78,False,False,True,0.0126
155,5.1667,1162.93,383.53,,,1168.01,386.97,6.13,SEARCHING,0.28,1128.69,405.70,False,False,True,0.0121
156,5.2000,1165.62,383.39,1173.43,379.39,1172.96,380.77,7.79,REACQUIRING,0.43,1133.12,403.20,True,True,False,0.0452
157,5.2333,1168.31,383.31,1167.48,375.87,1171.95,378.41,6.11,TRACKING,0.58,1137.00,400.72,True,True,False,0.0418
158,5.2667,1171.00,383.10,1179.55,374.59,1176.38,376.99,8.14,TRACKING,0.73,1140.94,398.35,True,True,False,0.0408
159,5.3000,1173.68,382.96,1189.62,363.57,1182.04,373.19,12.86,TRACKING,0.88,1145.05,395.83,True,True,False,0.0399
160,5.3333,1176.37,382.71,1178.90,369.24,1183.56,372.01,12.89,TRACKING,1.00,1148.90,393.45,True,True,False,0.0405
161,5.3667,1179.05,382.55,1183.50,370.99,1185.84,371.52,12.95,TRACKING,1.00,1152.59,391.26,True,True,False,0.0406
162,5.4000,1181.75,382.52,1192.45,369.71,1189.43,370.88,13.95,TRACKING,1.00,1156.28,389.22,True,True,False,0.0398
163,5.4333,1184.44,382.39,1197.45,362.27,1193.27,368.99,16.05,TRACKING,1.00,1159.98,387.20,True,True,False,0.0422
164,5.4667,1187.13,382.37,1188.89,365.45,1194.91,368.01,16.33,TRACKING,1.00,1163.47,385.28,True,True,False,0.0397
165,5.5000,1189.82,382.40,1189.51,365.87,1196.36,367.27,16.48,TRACKING,1.00,1166.76,383.48,True,True,False,0.0398
166,5.5333,1192.51,382.51,1185.22,359.90,1196.81,365.63,17.41,TRACKING,1.00,1169.76,381.69,True,True,False,0.0398
167,5.5667,1195.18,382.82,1192.28,368.26,1198.31,365.65,17.46,TRACKING,1.00,1172.62,380.09,True,True,False,0.0399
168,5.6000,1197.86,383.11,1188.86,380.53,1198.94,367.72,15.43,TRACKING,1.00,1175.25,378.85,True,True,False,0.0400
169,5.6333,1200.55,383.32,1202.23,384.11,1201.63,370.14,13.23,TRACKING,1.00,1177.89,377.98,True,True,False,0.0445
170,5.6667,1203.24,383.44,1191.88,378.35,1202.15,371.31,12.18,TRACKING,1.00,1180.31,377.31,True,True,False,0.0467
171,5.7000,1205.93,383.46,1201.43,390.15,1204.09,374.30,9.34,TRACKING,1.00,1182.69,377.01,True,True,False,0.0420
172,5.7333,1208.62,383.48,1203.87,385.05,1206.10,376.07,7.83,TRACKING,1.00,1185.03,377.01,True,True,False,0.0410
173,5.7667,1211.31,383.53,1220.87,379.63,1210.58,376.72,6.85,TRACKING,1.00,1187.59,377.01,True,True,False,0.0417
174,5.8000,1214.00,383.62,1222.25,389.61,1214.63,378.95,4.71,TRACKING,1.00,1190.29,377.01,True,True,False,0.0408
175,5.8333,1216.69,383.79,1225.26,380.45,1218.57,379.37,4.81,TRACKING,1.00,1193.12,377.01,True,True,False,0.0408
176,5.8667,1219.38,383.96,1227.57,393.94,1222.30,381.97,3.53,TRACKING,1.00,1196.04,377.51,True,True,False,0.0401
177,5.9000,1222.05,384.29,1232.17,386.10,1226.21,382.93,4.37,TRACKING,1.00,1199.05,378.05,True,True,False,0.0399
178,5.9333,1224.73,384.60,1239.83,384.38,1230.79,383.47,6.17,TRACKING,1.00,1202.23,378.59,True,True,False,0.0402
179,5.9667,1227.35,385.19,1237.07,392.30,1234.23,385.25,6.87,TRACKING,1.00,1205.43,379.26,True,True,False,0.0398
180,6.0000,1229.97,385.84,1237.69,392.07,1237.21,386.75,7.31,TRACKING,1.00,1208.61,380.01,True,True,False,0.0395
181,6.0333,1230.00,386.41,1233.43,394.07,1239.00,388.38,9.21,TRACKING,1.00,1211.65,380.85,True,True,False,0.0429
182,6.0667,1227.39,387.09,1237.59,391.11,1241.13,389.28,13.91,TRACKING,1.00,1214.59,381.69,True,True,False,0.0401
183,6.1000,1224.78,387.72,1234.39,402.75,1242.35,391.99,18.09,TRACKING,1.00,1217.37,382.72,True,True,False,0.0400
184,6.1333,1222.16,388.37,1218.87,402.67,1240.72,394.32,19.49,TRACKING,1.00,1219.70,383.88,True,True,False,0.0404
185,6.1667,1219.53,388.94,1224.55,403.40,1240.13,396.45,21.92,TRACKING,1.00,1221.75,385.14,True,True,False,0.0398
186,6.2000,1216.89,389.47,1211.68,405.26,1237.38,398.59,22.43,TRACKING,1.00,1223.31,386.48,True,True,False,0.0397
187,6.2333,1214.25,390.00,1208.60,401.57,1234.38,399.81,22.39,TRACKING,1.00,1224.42,387.81,True,True,False,0.0399
188,6.2667,1211.63,390.63,1208.05,393.33,1231.59,399.47,21.83,TRACKING,1.00,1225.13,388.98,True,True,False,0.0395
189,6.3000,1209.06,391.41,1203.19,392.57,1228.27,399.02,20.67,TRACKING,1.00,1225.45,389.98,True,True,False,0.0401
190,6.3333,1206.49,392.23,1100.00,100.00,1229.70,399.79,24.41,PREDICTING,0.98,1225.87,390.96,True,False,False,0.0162
191,6.3667,1203.91,392.97,1100.00,100.00,1231.14,400.56,28.27,PREDICTING,0.96,1226.40,391.92,True,False,False,0.0157
192,6.4000,1201.31,393.69,1203.11,397.73,1226.24,400.55,25.86,REACQUIRING,1.00,1226.40,392.79,True,True,False,0.0425
193,6.4333,1198.75,394.53,1190.63,406.94,1219.98,402.42,22.65,TRACKING,1.00,1225.76,393.75,True,True,False,0.0416
194,6.4667,1196.19,395.36,1191.98,408.01,1215.27,404.13,21.00,TRACKING,1.00,1224.71,394.79,True,True,False,0.0715
195,6.5000,1193.62,396.15,1186.88,403.67,1210.49,404.72,18.92,TRACKING,1.00,1223.29,395.78,True,True,False,0.0438
196,6.5333,1191.07,397.03,1192.91,399.06,1207.59,404.37,18.08,TRACKING,1.00,1221.72,396.64,True,True,False,0.0798
197,6.5667,1188.52,397.89,1192.54,400.16,1205.09,404.26,17.76,TRACKING,1.00,1220.06,397.40,True,True,False,0.2208
198,6.6000,1185.97,398.74,1186.05,414.03,1201.84,406.55,17.69,TRACKING,1.00,1218.23,398.32,True,True,False,0.0644
199,6.6333,1183.46,399.72,1188.12,412.39,1199.42,408.20,18.08,TRACKING,1.00,1216.35,399.31,True,True,False,0.0483
200,6.6667,1180.93,400.65,1182.39,413.57,1196.37,409.80,17.95,TRACKING,1.00,1214.36,400.35,True,True,False,0.0690
201,6.7000,1178.39,401.53,1173.37,412.34,1192.23,410.95,16.75,TRACKING,1.00,1212.14,401.41,True,True,False,0.0464
202,6.7333,1175.80,402.30,1181.74,416.09,1190.05,412.54,17.55,TRACKING,1.00,1209.93,402.53,True,True,False,0.0472
203,6.7667,1173.19,402.96,1177.84,410.71,1187.53,413.00,17.51,TRACKING,1.00,1207.69,403.57,True,True,False,0.0428
204,6.8000,1170.62,403.76,1173.54,415.75,1184.65,414.20,17.49,TRACKING,1.00,1205.39,404.64,True,True,False,0.0420
205,6.8333,1168.08,404.66,1162.72,413.05,1180.37,414.77,15.91,TRACKING,1.00,1202.89,405.65,True,True,False,0.0421
206,6.8667,1165.53,405.50,1167.42,400.99,1177.45,413.24,14.21,TRACKING,1.00,1200.34,406.41,True,True,False,0.0419
207,6.9000,1162.95,406.29,1154.64,412.18,1172.83,413.72,12.35,TRACKING,1.00,1197.59,407.14,True,True,False,0.0410
208,6.9333,1160.37,407.03,1156.85,416.25,1169.19,414.77,11.74,TRACKING,1.00,1194.75,407.90,True,True,False,0.0417
209,6.9667,1157.69,407.36,1151.89,417.37,1165.25,415.85,11.36,TRACKING,1.00,1191.80,408.70,True,True,False,0.0415
210,7.0000,1155.01,407.64,1152.96,420.77,1162.03,417.32,11.96,TRACKING,1.00,1188.82,409.56,True,True,False,0.0415
211,7.0333,1152.33,407.79,1137.52,417.17,1156.73,417.99,11.11,TRACKING,1.00,1185.62,410.40,True,True,False,0.0420
212,7.0667,1149.63,407.83,1141.68,419.85,1152.84,418.98,11.59,TRACKING,1.00,1182.34,411.26,True,True,False,0.0416
213,7.1000,1146.94,407.81,1129.23,417.88,1147.46,419.49,11.69,TRACKING,1.00,1178.85,412.08,True,True,False,0.0432
214,7.1333,1144.25,407.82,1136.32,420.57,1143.99,420.34,12.52,TRACKING,1.00,1175.36,412.91,True,True,False,0.0502
215,7.1667,1141.56,407.75,1134.57,421.77,1140.74,421.25,13.53,TRACKING,1.00,1171.90,413.74,True,True,False,0.0433
216,7.2000,1138.86,407.76,1133.20,422.85,1137.76,422.20,14.48,TRACKING,1.00,1168.49,414.59,True,True,False,0.0417
217,7.2333,1136.17,407.80,1134.44,422.24,1135.44,422.89,15.11,TRACKING,1.00,1165.18,415.42,True,True,False,0.0428
218,7.2667,1133.48,407.89,1131.45,422.95,1133.00,423.59,15.70,TRACKING,1.00,1161.96,416.24,True,True,False,0.0419
219,7.3000,1130.79,407.97,1126.53,421.20,1130.13,423.87,15.91,TRACKING,1.00,1158.78,417.00,True,True,False,0.0397
220,7.3333,1128.10,407.80,1128.37,421.70,1128.02,424.17,16.37,TRACKING,1.00,1155.70,417.72,True,True,False,0.0401
221,7.3667,1125.41,407.84,1129.96,419.58,1126.52,424.05,16.26,TRACKING,1.00,1152.79,418.35,True,True,False,0.0397
222,7.4000,1122.72,407.79,1121.84,415.65,1123.95,423.28,15.53,TRACKING,1.00,1149.90,418.84,True,True,False,0.0398
223,7.4333,1120.03,407.93,1118.67,405.37,1121.27,420.88,13.01,TRACKING,1.00,1147.04,418.84,True,True,False,0.0403
224,7.4667,1117.34,408.11,1112.06,414.41,1117.92,420.24,12.15,TRACKING,1.00,1144.13,418.84,True,True,False,0.0403
225,7.5000,1114.65,408.18,1112.35,410.67,1115.13,419.05,10.89,TRACKING,1.00,1141.23,418.84,True,True,False,0.0408
226,7.5333,1111.96,408.24,1106.80,400.12,1111.86,416.26,8.02,TRACKING,1.00,1138.29,418.58,True,True,False,0.0407
227,7.5667,1109.27,408.41,1099.84,402.66,1107.95,414.22,5.96,TRACKING,1.00,1135.26,418.15,True,True,False,0.0407
228,7.6000,1106.59,408.66,1104.28,409.93,1105.35,413.62,5.11,TRACKING,1.00,1132.27,417.70,True,True,False,0.0404
229,7.6333,1103.90,408.84,1101.29,413.79,1102.67,413.73,5.04,TRACKING,1.00,1129.31,417.30,True,True,False,0.0395
230,7.6667,1101.22,409.10,,,1100.26,413.83,4.82,PREDICTING,0.98,1126.40,416.95,False,False,False,0.0163
231,7.7000,1098.54,409.34,,,1097.84,413.92,4.64,PREDICTING,0.96,1123.55,416.65,False,False,False,0.0151
232,7.7333,1095.86,409.56,,,1095.43,414.02,4.48,PREDICTING,0.94,1120.73,416.39,False,False,False,0.0135
233,7.7667,1093.18,409.86,,,1093.02,414.12,4.26,PREDICTING,0.92,1117.96,416.16,False,False,False,0.0127
234,7.8000,1090.49,409.93,,,1090.60,414.21,4.28,PREDICTING,0.90,1115.23,415.96,False,False,False,0.0126
235,7.8333,1087.80,409.93,,,1088.19,414.31,4.39,PREDICTING,0.88,1112.52,415.80,False,False,False,0.0125
236,7.8667,1085.12,410.15,,,1085.78,414.41,4.31,PREDICTING,0.86,1109.85,415.66,False,False,False,0.0123
237,7.9000,1082.43,410.35,,,1083.36,414.50,4.26,PREDICTING,0.84,1107.20,415.54,False,False,False,0.0118
238,7.9333,1079.75,410.62,,,1080.95,414.60,4.16,PREDICTING,0.82,1104.57,415.45,False,False,False,0.0119
239,7.9667,1077.06,410.80,,,1078.53,414.70,4.17,PREDICTING,0.80,1101.97,415.37,False,False,False,0.0132
240,8.0000,1074.38,411.06,,,1076.12,414.79,4.12,PREDICTING,0.78,1099.39,415.32,False,False,False,0.0118
241,8.0333,1071.71,411.34,,,1073.71,414.89,4.08,PREDICTING,0.76,1096.82,415.27,False,False,False,0.0114
242,8.0667,1069.02,411.56,,,1071.29,414.99,4.11,PREDICTING,0.74,1094.26,415.25,False,False,False,0.0119
243,8.1000,1066.33,411.69,,,1068.88,415.09,4.24,PREDICTING,0.72,1091.73,415.23,False,False,False,0.0117
244,8.1333,1063.65,411.94,,,1066.46,415.18,4.29,SEARCHING,0.70,1089.20,415.22,False,False,True,0.0131
245,8.1667,1060.98,412.24,,,1064.05,415.28,4.32,SEARCHING,0.68,1086.68,415.23,False,False,True,0.0474
246,8.2000,1058.31,412.58,,,1061.64,415.38,4.35,SEARCHING,0.66,1084.18,415.24,False,False,True,0.0129
247,8.2333,1055.65,413.00,,,1059.22,415.47,4.35,SEARCHING,0.64,1086.18,415.27,False,False,True,0.0170
248,8.2667,1052.96,413.22,,,1056.81,415.57,4.51,SEARCHING,0.62,1087.75,415.30,False,False,True,0.0138
249,8.3000,1050.28,413.40,,,1054.39,415.67,4.70,SEARCHING,0.60,1088.91,415.33,False,False,True,0.0127
250,8.3333,1047.60,413.72,,,1051.98,415.76,4.83,SEARCHING,0.58,1089.72,415.38,False,False,True,0.0123
251,8.3667,1044.92,413.94,,,1049.57,415.86,5.03,SEARCHING,0.56,1088.88,418.61,False,False,True,0.0409
252,8.4000,1042.23,413.93,,,1047.15,415.96,5.33,SEARCHING,0.54,1087.89,421.52,False,False,True,0.0130
253,8.4333,1039.54,413.80,,,1044.74,416.05,5.67,SEARCHING,0.52,1086.76,424.16,False,False,True,0.0139
254,8.4667,1036.84,413.85,,,1042.32,416.15,5.95,SEARCHING,0.50,1085.50,426.54,False,False,True,0.0123
255,8.5000,1034.15,413.94,,,1039.91,416.25,6.20,SEARCHING,0.48,1080.94,430.01,False,False,True,0.0124
256,8.5333,1031.46,413.90,,,1037.50,416.34,6.51,SEARCHING,0.46,1076.59,433.14,False,False,True,0.0126
257,8.5667,1028.77,413.93,,,1035.08,416.44,6.79,SEARCHING,0.44,1072.44,435.97,False,False,True,0.0142
258,8.6000,1026.08,413.92,,,1032.67,416.54,7.09,SEARCHING,0.42,1068.47,438.53,False,False,True,0.0129
259,8.6333,1023.38,413.82,,,1030.25,416.63,7.42,SEARCHING,0.40,1061.46,439.52,False,False,True,0.0132
260,8.6667,1020.69,413.83,,,1027.84,416.73,7.72,SEARCHING,0.38,1054.92,440.42,False,False,True,0.0124
261,8.7000,1018.00,413.83,,,1025.43,416.83,8.01,SEARCHING,0.36,1048.79,441.25,False,False,True,0.0399
262,8.7333,1015.33,414.19,,,1023.01,416.93,8.15,SEARCHING,0.34,1043.03,442.00,False,False,True,0.0151
263,8.7667,1012.68,414.66,,,1020.60,417.02,8.27,SEARCHING,0.32,1036.29,439.50,False,False,True,0.0150
264,8.8000,1010.03,415.15,,,1018.18,417.12,8.39,SEARCHING,0.30,1029.98,437.26,False,False,True,0.0168
265,8.8333,1007.41,415.78,,,1015.77,417.22,8.48,SEARCHING,0.28,1024.06,435.26,False,False,True,0.0135
266,8.8667,1004.76,416.23,,,1013.36,417.31,8.67,SEARCHING,0.26,1018.49,433.46,False,False,True,0.0130
267,8.9000,1002.13,416.83,,,1010.94,417.41,8.83,SEARCHING,0.24,1014.55,428.67,False,False,True,0.0124
268,8.9333,999.52,417.48,,,1008.53,417.51,9.01,SEARCHING,0.22,1010.77,424.38,False,False,True,0.0124
269,8.9667,996.90,418.12,,,1006.11,417.60,9.22,SEARCHING,0.20,1007.12,420.52,False,False,True,0.0204
270,9.0000,994.26,418.60,,,1003.70,417.70,9.49,SEARCHING,0.18,1003.60,417.05,False,False,True,0.0150
271,9.0333,991.64,419.24,,,1001.29,417.80,9.75,SEARCHING,0.16,1003.37,412.63,False,False,True,0.0159
272,9.0667,989.00,419.75,,,998.87,417.89,10.05,SEARCHING,0.14,1002.92,408.66,False,False,True,0.0138
273,9.1000,986.35,420.26,,,996.46,417.99,10.36,SEARCHING,0.12,1002.27,405.09,False,False,True,0.0134
274,9.1333,983.73,420.87,,,994.04,418.09,10.68,SEARCHING,0.10,1001.45,401.89,False,False,True,0.0125
275,9.1667,981.10,421.44,,,991.63,418.18,11.02,SEARCHING,0.08,1003.65,400.34,False,False,True,0.0125
276,9.2000,978.46,421.99,,,989.22,418.28,11.38,SEARCHING,0.06,1005.39,398.95,False,False,True,0.0119
277,9.2333,975.84,422.60,,,986.80,418.38,11.75,SEARCHING,0.05,1006.71,397.71,False,False,True,0.0122
278,9.2667,973.21,423.20,,,984.39,418.47,12.13,SEARCHING,0.05,1007.66,396.61,False,False,True,0.0123
279,9.3000,970.60,423.84,,,981.97,418.57,12.54,SEARCHING,0.05,1014.09,398.80,False,False,True,0.0127
280,9.3333,967.98,424.47,,,979.56,418.67,12.95,SEARCHING,0.05,1019.64,400.79,False,False,True,0.0122
281,9.3667,965.35,425.03,,,977.15,418.77,13.36,SEARCHING,0.05,1024.39,402.59,False,False,True,0.0119
282,9.4000,962.68,425.42,,,974.73,418.86,13.72,SEARCHING,0.05,1028.42,404.21,False,False,True,0.0127
283,9.4333,960.04,425.94,,,972.32,418.96,14.12,SEARCHING,0.05,1029.18,412.05,False,False,True,0.0120
284,9.4667,957.37,426.24,,,969.90,419.06,14.45,SEARCHING,0.05,1029.61,419.11,False,False,True,0.0117
285,9.5000,954.72,426.74,,,967.49,419.15,14.86,LOST,0.05,1029.61,419.11,False,False,False,0.0139
286,9.5333,952.08,427.27,,,965.08,419.25,15.27,LOST,0.05,1029.61,419.11,False,False,False,0.0127
287,9.5667,949.43,427.72,,,962.66,419.35,15.66,LOST,0.05,1029.61,419.11,False,False,False,0.0110
288,9.6000,946.77,428.15,,,960.25,419.44,16.05,LOST,0.05,1029.61,419.11,False,False,False,0.0109
289,9.6333,944.12,428.65,,,957.83,419.54,16.46,LOST,0.05,1029.61,419.11,False,False,False,0.0107
290,9.6667,941.48,429.16,,,955.42,419.64,16.89,LOST,0.05,1029.61,419.11,False,False,False,0.0111
291,9.7000,938.85,429.73,,,953.01,419.73,17.33,LOST,0.05,1029.61,419.11,False,False,False,0.0105
292,9.7333,936.23,430.36,,,950.59,419.83,17.81,LOST,0.05,1029.61,419.11,False,False,False,0.0105
293,9.7667,933.59,430.90,,,948.18,419.93,18.25,LOST,0.05,1029.61,419.11,False,False,False,0.0106
294,9.8000,930.95,431.40,,,945.76,420.02,18.68,LOST,0.05,1029.61,419.11,False,False,False,0.0105
295,9.8333,928.32,431.98,,,943.35,420.12,19.15,LOST,0.05,1029.61,419.11,False,False,False,0.0761
296,9.8667,925.67,432.46,920.15,426.20,920.15,426.20,8.34,REACQUIRING,0.60,1021.61,419.82,True,True,False,0.0769
297,9.9000,923.01,432.91,918.53,429.49,919.51,427.50,6.45,TRACKING,0.75,1013.61,420.59,True,True,False,0.0466
298,9.9333,920.34,433.27,914.78,427.94,918.10,427.64,6.07,TRACKING,0.90,1005.61,421.30,True,True,False,0.0425
299,9.9667,917.67,433.57,907.72,425.29,915.45,427.06,6.87,TRACKING,1.00,997.61,421.87,True,True,False,0.0402
300,10.0000,915.00,433.95,902.81,437.59,912.44,429.46,5.17,TRACKING,1.00,989.61,422.63,True,True,False,0.0400
301,10.0333,912.35,434.39,916.93,431.40,913.16,429.99,4.48,TRACKING,1.00,981.97,423.37,True,True,False,0.0393
302,10.0667,909.68,434.76,910.45,427.14,912.38,429.51,5.90,TRACKING,1.00,975.01,423.98,True,True,False,0.0398
303,10.1000,907.00,435.06,905.42,431.44,910.66,430.01,6.23,TRACKING,1.00,968.57,424.58,True,True,False,0.0394
304,10.1333,904.33,435.36,898.75,421.53,907.78,428.31,7.85,TRACKING,1.00,962.49,424.96,True,True,False,0.0389
305,10.1667,901.65,435.64,899.62,422.91,905.53,427.14,9.35,TRACKING,1.00,956.80,424.96,True,True,False,0.0395
306,10.2000,898.96,435.80,909.40,434.94,905.74,428.72,9.80,TRACKING,1.00,951.69,425.33,True,True,False,0.0389
307,10.2333,896.28,436.01,898.34,445.69,903.60,432.38,8.18,TRACKING,1.00,946.88,426.04,True,True,False,0.0389
308,10.2667,893.59,436.17,900.33,447.62,902.26,435.90,8.67,TRACKING,1.00,942.42,427.02,True,True,False,0.0390
309,10.3000,890.90,436.34,893.54,442.83,899.73,437.85,8.95,TRACKING,1.00,938.15,428.11,True,True,False,0.0394
310,10.3333,888.22,436.54,892.79,435.95,897.48,438.01,9.38,TRACKING,1.00,934.08,429.10,True,True,False,0.0389
311,10.3667,885.53,436.63,883.98,447.48,893.82,440.50,9.16,TRACKING,1.00,930.06,430.24,True,True,False,0.0387
312,10.4000,882.83,436.62,889.07,447.89,891.82,442.66,10.83,TRACKING,1.00,926.23,431.48,True,True,False,0.0393
313,10.4333,880.14,436.53,886.76,458.33,889.73,446.54,13.86,TRACKING,1.00,922.58,432.99,True,True,False,0.0400
314,10.4667,877.46,436.29,883.47,447.80,887.37,447.68,15.10,TRACKING,1.00,919.06,434.45,True,True,False,0.0386
315,10.5000,874.78,436.06,875.88,440.54,883.95,447.18,14.42,TRACKING,1.00,915.55,435.73,True,True,False,0.0617
316,10.5333,872.10,435.75,877.78,443.38,881.48,447.26,14.85,TRACKING,1.00,912.14,436.88,True,True,False,0.0400
317,10.5667,869.42,435.47,870.96,437.35,878.15,446.14,13.78,TRACKING,1.00,908.74,437.81,True,True,False,0.0405
318,10.6000,866.75,435.16,869.95,440.36,875.19,445.72,13.52,TRACKING,1.00,905.39,438.60,True,True,False,0.0445
319,10.6333,864.07,434.86,874.38,436.40,873.55,444.60,13.59,TRACKING,1.00,902.21,439.20,True,True,False,0.0435
320,10.6667,861.40,434.55,871.27,430.74,871.66,442.57,13.02,TRACKING,1.00,899.15,439.53,True,True,False,0.0396
321,10.7000,858.73,434.18,855.31,426.85,867.20,440.11,10.34,TRACKING,1.00,895.96,439.53,True,True,False,0.0407
322,10.7333,856.05,433.90,855.56,433.78,863.50,439.24,9.16,TRACKING,1.00,892.71,439.53,True,True,False,0.0399
323,10.7667,853.41,433.39,854.08,433.23,860.13,438.38,8.37,TRACKING,1.00,889.45,439.53,True,True,False,0.0391
324,10.8000,850.75,432.99,855.91,434.59,857.63,437.87,8.44,TRACKING,1.00,886.27,439.53,True,True,False,0.0391
325,10.8333,848.07,432.72,851.22,430.73,854.74,436.75,7.79,TRACKING,1.00,883.12,439.26,True,True,False,0.0393
326,10.8667,845.40,432.33,845.20,419.16,851.27,433.76,6.04,TRACKING,1.00,879.93,438.71,True,True,False,0.0389
327,10.9000,842.75,431.85,853.08,424.40,849.72,432.09,6.97,TRACKING,1.00,876.91,438.04,True,True,False,0.0390
328,10.9333,840.12,431.31,850.78,422.08,848.07,430.24,8.03,TRACKING,1.00,874.03,437.26,True,True,False,0.0406
329,10.9667,837.50,430.70,851.53,423.17,846.85,428.84,9.54,TRACKING,1.00,871.31,436.42,True,True,False,0.0380
330,11.0000,834.87,430.09,850.25,430.95,845.66,428.96,10.85,TRACKING,1.00,868.74,435.68,True,True,False,0.0378
331,11.0333,832.23,429.57,830.28,424.39,841.31,427.96,9.22,TRACKING,1.00,866.00,434.90,True,True,False,0.0380
332,11.0667,829.59,429.05,832.41,419.14,837.97,426.21,8.85,TRACKING,1.00,863.20,434.04,True,True,False,0.0376
333,11.1000,826.93,428.60,827.68,418.28,834.36,424.56,8.45,TRACKING,1.00,860.32,433.09,True,True,False,0.0380
334,11.1333,824.30,428.05,826.37,415.79,831.08,422.73,8.62,TRACKING,1.00,857.39,432.05,True,True,False,0.0379
335,11.1667,821.66,427.51,819.82,418.63,827.22,421.62,8.10,TRACKING,1.00,854.38,431.01,True,True,False,0.0377
336,11.2000,819.01,427.06,826.70,415.97,825.10,420.23,9.15,TRACKING,1.00,851.45,429.93,True,True,False,0.0381
337,11.2333,816.34,426.64,815.75,427.51,821.52,420.97,7.68,TRACKING,1.00,848.46,429.04,True,True,False,0.0388
338,11.2667,813.69,426.18,811.36,416.53,817.76,419.80,7.57,TRACKING,1.00,845.39,428.11,True,True,False,0.0379
339,11.3000,811.03,425.78,811.71,421.03,814.64,419.56,7.20,TRACKING,1.00,842.31,427.26,True,True,False,0.0377
340,11.3333,808.36,425.47,809.76,408.95,811.69,417.35,8.77,TRACKING,1.00,839.25,426.27,True,True,False,0.0376
341,11.3667,805.68,425.13,804.18,406.04,808.29,414.97,10.49,TRACKING,1.00,836.15,425.14,True,True,False,0.0386
342,11.4000,803.02,424.76,802.69,407.11,805.17,413.09,11.87,TRACKING,1.00,833.05,423.93,True,True,False,0.0382
343,11.4333,800.34,424.45,814.29,413.48,804.47,412.53,12.62,TRACKING,1.00,830.20,422.79,True,True,False,0.0377
344,11.4667,797.66,424.19,806.23,417.33,802.63,412.71,12.51,TRACKING,1.00,827.44,421.78,True,True,False,0.0375
345,11.5000,794.98,423.91,796.38,416.84,799.49,412.81,11.97,TRACKING,1.00,824.64,420.89,True,True,False,0.0382
346,11.5333,792.29,423.78,805.73,411.79,798.39,412.10,13.18,TRACKING,1.00,822.02,420.01,True,True,False,0.0381
347,11.5667,789.60,423.80,790.52,413.07,795.02,411.71,13.25,TRACKING,1.00,819.32,419.18,True,True,False,0.0378
348,11.6000,786.91,423.90,788.25,410.03,791.79,410.89,13.90,TRACKING,1.00,816.57,418.35,True,True,False,0.0375
349,11.6333,784.22,424.02,787.81,406.58,789.00,409.63,15.16,TRACKING,1.00,813.81,417.48,True,True,False,0.0372
350,11.6667,781.53,424.11,789.80,418.81,786.99,410.57,14.60,TRACKING,1.00,811.13,416.79,True,True,False,0.0391
351,11.7000,778.84,424.04,780.67,414.56,783.82,410.72,14.22,TRACKING,1.00,808.40,416.18,True,True,False,0.0380
352,11.7333,776.15,423.88,775.25,421.95,780.26,412.09,12.48,TRACKING,1.00,805.58,415.77,True,True,False,0.0383
353,11.7667,773.46,423.73,773.69,424.91,776.99,413.80,10.54,TRACKING,1.00,802.72,415.77,True,True,False,0.0384
354,11.8000,770.77,423.59,770.04,417.51,773.64,414.09,9.92,TRACKING,1.00,799.81,415.77,True,True,False,0.0384
355,11.8333,768.08,423.55,776.49,420.07,771.87,414.78,9.55,TRACKING,1.00,797.02,415.77,True,True,False,0.0387
356,11.8667,765.39,423.52,767.74,429.21,768.98,416.91,7.53,TRACKING,1.00,794.22,415.77,True,True,False,0.0389
357,11.9000,762.70,423.52,759.70,413.70,765.24,416.22,7.73,TRACKING,1.00,791.32,415.77,True,True,False,0.0385
358,11.9333,760.00,423.48,748.05,419.42,760.16,416.57,6.91,TRACKING,1.00,788.20,415.77,True,True,False,0.0383
359,11.9667,757.31,423.53,752.59,421.27,756.56,417.19,6.39,TRACKING,1.00,785.04,415.77,True,True,False,0.0482
360,12.0000,754.62,423.53,750.33,423.43,753.16,418.09,5.63,TRACKING,1.00,781.85,415.77,True,True,False,0.0393
361,12.0333,751.93,423.36,753.98,431.04,750.89,420.14,3.39,TRACKING,1.00,778.75,416.21,True,True,False,0.0380
362,12.0667,749.24,423.20,743.01,415.44,747.22,419.37,4.34,TRACKING,1.00,775.60,416.52,True,True,False,0.0388
363,12.1000,746.56,423.00,745.76,413.83,744.57,418.43,4.99,TRACKING,1.00,772.50,416.52,True,True,False,0.0535
364,12.1333,743.88,422.73,731.49,417.28,740.02,418.17,5.97,TRACKING,1.00,769.25,416.52,True,True,False,0.0428
365,12.1667,741.20,422.50,738.50,410.62,737.30,416.86,6.85,TRACKING,1.00,766.06,416.52,True,True,False,0.0409
366,12.2000,738.52,422.24,732.80,411.97,734.10,415.93,7.70,TRACKING,1.00,762.86,416.52,True,True,False,0.0412
367,12.2333,735.84,421.99,735.49,405.38,731.87,414.05,8.87,TRACKING,1.00,759.76,416.52,True,True,False,0.0378
368,12.2667,733.16,421.72,730.59,410.78,729.22,413.29,9.30,TRACKING,1.00,756.71,416.20,True,True,False,0.0384
369,12.3000,730.47,421.53,729.80,414.05,726.88,413.18,9.09,TRACKING,1.00,753.72,415.90,True,True,False,0.0384
370,12.3333,727.79,421.35,737.01,419.19,726.14,413.94,7.58,TRACKING,1.00,750.97,415.90,True,True,False,0.0444
371,12.3667,725.10,421.11,721.04,411.86,722.98,413.41,7.98,TRACKING,1.00,748.17,415.90,True,True,False,0.0383
372,12.4000,722.44,420.71,720.91,405.00,720.30,411.83,9.14,TRACKING,1.00,745.38,415.49,True,True,False,0.0382
373,12.4333,719.79,420.21,714.87,409.10,717.08,411.13,9.48,TRACKING,1.00,742.55,415.06,True,True,False,0.0385
374,12.4667,717.20,419.49,730.66,417.13,716.96,411.85,7.65,TRACKING,1.00,739.99,414.73,True,True,False,0.0479
375,12.5000,714.59,418.85,721.72,411.44,715.50,411.55,7.35,TRACKING,1.00,737.54,414.42,True,True,False,0.0410
376,12.5333,712.00,418.11,725.61,411.51,714.96,411.32,7.42,TRACKING,1.00,735.28,414.11,True,True,False,0.0404
377,12.5667,709.41,417.36,713.02,411.22,712.52,411.07,7.02,TRACKING,1.00,733.01,413.80,True,True,False,0.0405
378,12.6000,706.90,416.38,707.94,414.29,709.66,411.38,5.72,TRACKING,1.00,730.67,413.80,True,True,False,0.0416
379,12.6333,704.36,415.49,707.48,415.49,707.17,411.85,4.60,TRACKING,1.00,728.32,413.80,True,True,False,0.0408
380,12.6667,701.79,414.68,702.47,417.05,704.27,412.53,3.29,TRACKING,1.00,725.92,413.80,True,True,False,0.0401
381,12.7000,699.21,413.93,703.46,421.93,702.00,413.93,2.80,TRACKING,1.00,723.53,413.80,True,True,False,0.0421
382,12.7333,696.56,413.41,703.07,414.51,700.05,413.95,3.53,TRACKING,1.00,721.18,413.80,True,True,False,0.0402
383,12.7667,693.91,412.94,693.41,404.52,696.86,412.32,3.01,TRACKING,1.00,718.75,413.80,True,True,False,0.1380
384,12.8000,691.25,412.55,690.16,392.99,693.62,409.00,4.27,TRACKING,1.00,716.23,413.32,True,True,False,0.0968
385,12.8333,688.59,412.15,693.99,404.53,691.53,408.01,5.07,TRACKING,1.00,713.76,412.79,True,True,False,0.0484
386,12.8667,685.93,411.71,682.85,409.73,687.96,408.01,4.22,TRACKING,1.00,711.18,412.31,True,True,False,0.0709
387,12.9000,683.32,411.07,683.54,408.46,685.06,407.81,3.69,TRACKING,1.00,708.57,411.86,True,True,False,0.0426
388,12.9333,680.73,410.33,670.19,400.61,680.42,406.36,3.98,TRACKING,1.00,705.76,411.31,True,True,False,0.0412
389,12.9667,678.12,409.65,677.92,405.78,677.75,405.96,3.71,TRACKING,1.00,702.96,410.78,True,True,False,0.0405
390,13.0000,675.49,409.07,659.45,404.58,672.47,405.42,4.73,TRACKING,1.00,699.91,410.24,True,True,False,0.0412
391,13.0333,672.87,408.43,661.21,404.16,668.26,404.89,5.82,TRACKING,1.00,696.74,409.71,True,True,False,0.0405
392,13.0667,670.23,407.94,667.07,400.12,665.64,403.79,6.18,TRACKING,1.00,693.63,409.12,True,True,False,0.0403
393,13.1000,667.63,407.25,659.31,403.80,662.20,403.44,6.63,TRACKING,1.00,690.49,408.55,True,True,False,0.0401
394,13.1333,665.06,406.44,657.91,404.09,659.06,403.20,6.81,TRACKING,1.00,687.35,408.01,True,True,False,0.0403
395,13.1667,662.48,405.67,661.05,401.72,656.95,402.61,6.32,TRACKING,1.00,684.31,407.47,True,True,False,0.0394
396,13.2000,659.85,405.09,663.07,400.58,655.55,401.93,5.33,TRACKING,1.00,681.43,406.92,True,True,False,0.0405
397,13.2333,657.25,404.37,658.91,396.96,653.76,400.75,5.03,TRACKING,1.00,678.66,406.30,True,True,False,0.0403
398,13.2667,654.66,403.65,650.15,390.46,650.85,398.67,6.27,TRACKING,1.00,675.88,405.54,True,True,False,0.0400
399,13.3000,652.10,402.81,648.24,404.13,648.11,399.12,5.44,TRACKING,1.00,673.11,404.90,True,True,False,0.0398
